send_timestamp,recv_timestamp,latency,label,from,to,value
2022-10-11 16:27:28.814710,2022-10-11 16:27:28.820157,0.005446910858154297,0,17vuyw1UJrSaowKGS6iPcKv4YDhj3S9rWG,1HkYwEK4s8tAxs162M8VwBhAj7QsWb31fB,8.614325514475862
2022-10-11 16:27:28.815063,2022-10-11 16:27:28.822302,0.007238864898681641,0,1F5N4vdyksZcKTVPW9pT1yxBm7wr7XiTiZ,19H3uwDMXaoagXgVphKLAcC81YeJwG2vC8,1.3238423776818131
2022-10-11 16:27:28.814892,2022-10-11 16:27:28.822632,0.0077397823333740234,1,1No2aNkrwWPGmB1jAdS3LhFT8VSgNQdgWb,1KVFmMaUTzZuR6PB87mR1jVKFfq2CzFy9D,5.284916684757856
2022-10-11 16:27:28.814459,2022-10-11 16:27:28.823095,0.008635997772216797,1,14Jf3zXzGVMmhMrFJ1zjw75pwtvpAeiWgH,1FYYQsiyFTQgD1qdda4SUEysPPuzqSGoZn,3.4326102316053095
2022-10-11 16:27:28.814585,2022-10-11 16:27:28.823377,0.00879216194152832,0,15CD7rWw1ygMGUPxh8JJY6RkEwrhzpZs2e,1AUXQg9G54XVtv1nZRo3Jz726gVkUFQKxW,9.103579693156497
2022-10-11 16:27:28.831021,2022-10-11 16:27:28.838126,0.0071048736572265625,0,1FyBXiQHn1BSXoo1XjHqdu3z1QptwFcP2H,1KgqCmd75xvv9EcpjQZMbhiUAG5BYUpP8p,1.4887825600671933
2022-10-11 16:27:28.809307,2022-10-11 16:27:28.840556,0.031249046325683594,1,1A8H4q6CXZmoxPaZ7GfTBY1GhKwuZtUp9o,13kS72F4DzeH1fm2a2ztJuDXe8UBG4Npq3,3.0682624454924676
2022-10-11 16:27:28.833493,2022-10-11 16:27:28.846772,0.013279199600219727,0,1Eo5tTb3YZXVf4FvRqU3gcZNzkN4pmHzSQ,14UKi2Ch92VK2kf9n6GyKfKzJQ5L3y71tN,3.446717483008377
2022-10-11 16:27:28.815409,2022-10-11 16:27:28.855324,0.039914846420288086,1,1G4TshzbarHQtsx9caGC7dwUNVhGkHEbxk,1DRSN9DSvkrgFT4ZiVNzGtZ5N7upZiGSuP,9.633185932123071
2022-10-11 16:27:28.848823,2022-10-11 16:27:28.856415,0.007591962814331055,0,1EhGQXncbA3fbQp1PE9ZasisaWyt2rAZAL,12PyiNtLKxdaZSggjx1yJuBzSMJz134Ccp,2.7103469797591417
2022-10-11 16:27:28.814747,2022-10-11 16:27:28.857022,0.04227495193481445,1,11525KqSXHL34JTh7VeH2ENHG7eDNc66br,1A3ZeTn9z82Hi8LvCFaDCfXGFLgsWqSkbA,1.0003835409045314
2022-10-11 16:27:28.841086,2022-10-11 16:27:28.884180,0.04309415817260742,0,18NwNXZS7EH3HnmjovPMEfPmPKuHm3uijC,1AUyo81H3x69RbCcn8KgdHhj7cFGNzbBDU,3.9374945775850936
2022-10-11 16:27:28.855211,2022-10-11 16:27:28.906768,0.05155682563781738,0,1F5iYK65oscuWNontqrVusETpwfbGv8tHW,1GxKU5e9RjgxEs1X8ss6txW567gwtZzJC5,7.478738317512934
2022-10-11 16:27:28.841039,2022-10-11 16:27:28.916064,0.07502484321594238,1,1C2hJNTrnP7og3V4ssqrytpLvrqViaA9pM,153XqmPMWbrxABiyeuzoBJ4t4DxAZMSf1t,2.6617668411511053
2022-10-11 16:27:28.867039,2022-10-11 16:27:28.917435,0.05039620399475098,0,1AsvyPzMZ2vLrFhrwTr5W5zqcL6WV4xLWJ,1F5N4vdyksZcKTVPW9pT1yxBm7wr7XiTiZ,4.248964803685808
2022-10-11 16:27:28.912834,2022-10-11 16:27:28.921738,0.008903980255126953,0,1DvgD6zsCb6eHgqaTPUTSL1H7JVWHcvaJh,18XvTUbX6dKDu1CCjFygqjDNeNuc5ZNj6p,4.665117382659587
2022-10-11 16:27:28.877138,2022-10-11 16:27:28.923667,0.04652905464172363,1,1W1xdXiPAoSGjffYCnZfrGEif8Uco7BoE,18XvTUbX6dKDu1CCjFygqjDNeNuc5ZNj6p,1.9551737575362216
2022-10-11 16:27:28.912771,2022-10-11 16:27:28.936530,0.023759126663208008,0,16qjgZv4A2Bgqv1y3kgCpmA3B593ngcAvy,19WJ9FN2NbZ4tWhQnqQaa5YndBRh1pfUaL,6.146128226090351
2022-10-11 16:27:28.857425,2022-10-11 16:27:28.936895,0.07947015762329102,1,1Atz5MqwxWvDbi9ftmd6MTVR85Cu2zNkmJ,1nGnxrZcK6CQafuHNVM38MHd8YXk2d7mU,7.988481069804899
2022-10-11 16:27:28.923456,2022-10-11 16:27:28.976539,0.053083181381225586,0,1Muo633zBhpikCfLcyhAQGnjv6oP4sEbAW,17RNuw1UydAw3fMwcd6DCmq3xSXfxGvEmD,3.6859212643170194
2022-10-11 16:27:28.934961,2022-10-11 16:27:28.980751,0.04578995704650879,0,1G26QvEnoZqCHswMLUi4neustvj4eFr4ur,1PiEwuWiC2GBBsscwqBWzbAv759tkc2GWn,2.2552887479212447
2022-10-11 16:27:28.956235,2022-10-11 16:27:29.050499,0.09426403045654297,0,1CnZ4n4Q5VrHTwB797czM1mjmtUGQn2un1,1CqwWZuJczbDMLJtSn8sZvvbVVkRwy6uE4,5.967396914085651
2022-10-11 16:27:29.078575,2022-10-11 16:27:29.084967,0.006392002105712891,0,14bXEK1jAekyVScy1uJZapKs11spmScKNx,1LDvNY5aCNGZUTZHEZDc5p8FFHdhgzaEwh,5.26183520288182
2022-10-11 16:27:29.086317,2022-10-11 16:27:29.092846,0.0065288543701171875,0,19TgxYM151Cn19W7oyamPMZVv8tGQmwEz6,18mEdzUB83DhR8JdJWQpCq1nCgFyPaQRxK,3.0464504923371116
2022-10-11 16:27:28.877624,2022-10-11 16:27:29.128116,0.2504920959472656,1,16dfhaEkJ1qkJTMnneX7ouhoZN6gEdHbcB,1F83hK3Mt8NMSb4qewX8j6DiC5kg8WP5T1,6.81365994488764
2022-10-11 16:27:29.117539,2022-10-11 16:27:29.176153,0.05861401557922363,0,1Lttv8H1WtGTXuhjB7sn4U84GqSHhz6Ek,1MUMCzcG5TYxJ7W3H457YswVFicpc3ikjg,6.8195294074519115
2022-10-11 16:27:29.186122,2022-10-11 16:27:29.197495,0.011373043060302734,0,1kzquE4odaZaMPMJuLzqzBUWEWa585qUa,1zkdBNkBmEexJBZ7UAysfH6d4rJsWHay9,5.308293529110713
2022-10-11 16:27:29.198872,2022-10-11 16:27:29.358613,0.15974116325378418,0,1AsvyPzMZ2vLrFhrwTr5W5zqcL6WV4xLWJ,1LNscWSMi6wrqKGB3QUWuNaLSd12qX3z9v,5.389243197137452
2022-10-11 16:27:29.373074,2022-10-11 16:27:29.399395,0.026320934295654297,0,12Eut4utdkzFYFwnhtgc1bojGvvwUrzh7f,19Yrc5hQbQw9Za638fcGKZdFvS6pg233YT,7.430512762612372
2022-10-11 16:27:32.919594,2022-10-11 16:27:32.927844,0.008250236511230469,0,17erHM38id29zuMJybd1Ks7Msh78HyeyXi,1DQrNaaHTxTwCMmBKRDPAbHfT8i3CUohWf,1.4245268861248528
2022-10-11 16:27:32.946606,2022-10-11 16:27:32.992046,0.045439958572387695,0,14PxW5L5WzRrNFhfXBPXYrosW9SxVy58i4,1AYQ31a3xFxGaP9CihtuXpGLYAixKDa9EH,1.8177008233132907
2022-10-11 16:27:33.005486,2022-10-11 16:27:33.013201,0.007714986801147461,0,15tCdSEnqn7gTcwLM9wxqwbf2TkT7D1GDF,17RujKTxQK1YREDACcTaDTHciUsYSWjzt4,5.084709898854029
2022-10-11 16:27:32.991338,2022-10-11 16:27:33.030284,0.03894615173339844,1,1Ba3ar4HSs7qZN9j8SNcNXU2TJRsjz48EF,1HpfGdSrbRKL9TfqX6Mu236XhqkTMtY1yT,4.457649733522237
2022-10-11 16:27:32.992165,2022-10-11 16:27:33.035552,0.04338669776916504,0,1HAjFL4LQMgfK78robtGnsoB3KsQuZYVhU,1MA7kcuoVwJ9mRBEZyKMjiy2EuA1Rpbq1H,5.289794915718733
2022-10-11 16:27:33.037734,2022-10-11 16:27:33.043591,0.005856990814208984,0,15Big6eiE9Q7L9sbrTkaBdnHitX24dr6AP,1B4zBQvkrkpurTiE5QiVvdDkzydMC2ixz8,9.27339941437747
2022-10-11 16:27:33.037850,2022-10-11 16:27:33.046064,0.008213996887207031,0,17yxdDzmrqfrMGbnWtfxotF6JvbX4xcQ77,15Bu2XAyQSWqWEEvAocfgvipTDbfYbT1mE,9.05330641378849
2022-10-11 16:27:33.062243,2022-10-11 16:27:33.070589,0.008346080780029297,0,1KLvfSEmxc2vKWC2b9KTEbXecGBabjKzwU,1J5AnaH49pCK5MDXUgcRsxubxrDL4XNsYG,5.980381890530548
2022-10-11 16:27:33.035401,2022-10-11 16:27:33.077212,0.041811227798461914,1,1NXfJadrtoMzgnWGqLydehzpaFmPbbuxXP,18SZAacAK4PH8eQ5X16dRYdoq2DUuwyZxm,8.804421715661473
2022-10-11 16:27:33.052542,2022-10-11 16:27:33.083592,0.03104996681213379,0,14C8ciszt5P6N5ccqbaHR6RsLXpRCfKWBg,17ZHZCEjEP1TDH2thSpoY2BJXkauBSv6rs,9.284499975318507
2022-10-11 16:27:33.052220,2022-10-11 16:27:33.096318,0.0440981388092041,1,1LsRZWfuYUaSNofripeYEL7tYv6F1CXX9v,15Tz8HkzxdbwAhhft5FenSgoqXQ2fg9Nnx,4.647752856948162
2022-10-11 16:27:33.098502,2022-10-11 16:27:33.106744,0.008242130279541016,0,1xHuX5M1SkS5WR4jST4QmG2VafLD7UuDJ,13Xfzmde8RbQVnidDdzJyisReWxvwXpDhm,5.8748967835885555
2022-10-11 16:27:33.098600,2022-10-11 16:27:33.107343,0.008742809295654297,0,18KzKsoRcYBaSiEJnUgsayeT7iXfu4qGWV,1GsPW7C8oowYndvk5bA5UgaQqakvtcVYSo,1.1539579441927916
2022-10-11 16:27:33.038096,2022-10-11 16:27:33.122500,0.08440399169921875,1,1D1QALkB5fFTTwNsxCRZDqgnNBoY7ygixb,1JURzYVZXgZwkx353LKSZXmoS1RMbcNvb5,6.658886642764216
2022-10-11 16:27:33.099016,2022-10-11 16:27:33.125297,0.026280879974365234,0,1PKj5U92iEBLuAJxqEwXd3WDTdEctQh84B,1LC2vDWcxqpMLcfLg8Tv2VhbwD3QynRivN,4.392625392404011
2022-10-11 16:27:33.122175,2022-10-11 16:27:33.144084,0.021908998489379883,0,17TNMFfsrRKwx9aABr51vgyeymmEkhyGPg,14MVZe9MfCD2NoXJVPUWdeEg3HEArm4EMo,7.7284415383355896
2022-10-11 16:27:33.107023,2022-10-11 16:27:33.152619,0.04559636116027832,1,1GmbWJiRSLUnX75ctqqTdCXpo6t6Nv4Byb,1LGgYCSj5DBJq7L25Wg9zXc8bPw8EJEzPk,1.919059878549495
2022-10-11 16:27:33.109917,2022-10-11 16:27:33.159284,0.04936718940734863,0,16WjMGwLJ8qpoxMYmg6e4BeZhsmgByGijv,1F9zHasyThyWqhsguYzNpZ1qbvRy3pwHzw,1.3867090690658124
2022-10-11 16:27:33.153922,2022-10-11 16:27:33.204091,0.05016899108886719,0,1H93i4CDordoUFEz9Auzts65jwMQ25EDub,19hGa2fwXHViPz4UDrz3nbbZHYCSsSQddw,5.915365793899296
2022-10-11 16:27:33.175692,2022-10-11 16:27:33.207941,0.03224921226501465,0,1PcfuvonZDFRHdkhwdS4qfieQQkVT74GHq,1wbJ4ypK2zZ47rBfJJeQACxmXL1eTx9Ve,3.8362611164222815
2022-10-11 16:27:33.143010,2022-10-11 16:27:33.215827,0.07281708717346191,1,1LjsGSB1EJZseAVNxEzZVt8WhjjsueKNQ2,1LyMtFbApfzAAgSDApRh7sNHjKPgmLYdNf,0.9268120775837274
2022-10-11 16:27:33.167199,2022-10-11 16:27:33.218691,0.05149197578430176,0,1E8treJRhwwExPp6naseYmt1TjFYdovX5c,12yZUHQr5dPxhyDcrdmM7yhTxfjYchTQPB,1.4151213422164222
2022-10-11 16:27:33.175597,2022-10-11 16:27:33.229820,0.054222822189331055,0,1HPKAnhdxbPmVXR5bcZV1SvtX3pRxM8KG5,17qErqXY56dbLsVvMS5zukCsDvJeJxYStB,6.5646603839112885
2022-10-11 16:27:33.230070,2022-10-11 16:27:33.238571,0.008501052856445312,0,152pV6U3e3pQauxEAttrS6SS9j6UhicEop,13PA7wQavdVTzDmDYMamXZBpYjP3ou22Zn,6.129886624288084
2022-10-11 16:27:33.227463,2022-10-11 16:27:33.238766,0.011302947998046875,1,1LJmxavzM6CCuTTLKEY3erQ9WmkXXdarky,12KSMh8TfHK5hVQjReaURyrzynXxVLjTio,0.7610716530518569
2022-10-11 16:27:33.227564,2022-10-11 16:27:33.279669,0.05210518836975098,0,1Eea1WLJbuQJhpVr3wBsy69F5yj7f2i4MZ,1L2C9vKeiK9oHV1toQ6RLuCGxuLUWD46jN,7.441621909913335
2022-10-11 16:27:33.261031,2022-10-11 16:27:33.295950,0.03491926193237305,0,1HdxYEzjNSLLEqsDEtRF5hukBU2cwyPCvY,18LKiJEp4rGcgqZ7mHfsXzsyJjswSU3xG6,5.281786799341674
2022-10-11 16:27:33.255744,2022-10-11 16:27:33.302086,0.046341896057128906,1,1Akbq3PUA67ei7Jy5qPHDVPHM7TZk4LyGU,1CfYAgennj17tUmhjXBVFuQTWMkbgsEnL6,6.780995178763708
2022-10-11 16:27:33.283586,2022-10-11 16:27:33.305714,0.02212810516357422,0,15QToRYcM7cEPKwUBbfeWo7CpjmcuHUceV,15tCdSEnqn7gTcwLM9wxqwbf2TkT7D1GDF,6.205269710808014
2022-10-11 16:27:33.267310,2022-10-11 16:27:33.315332,0.04802203178405762,1,1BSXCW9MXcb8ZPQBHX5THbZvptuVJi8XKD,1KmSGEDhBSNBXNTSZNCjbSNH6PCrKvvuSf,3.5075421636451076
2022-10-11 16:27:33.317287,2022-10-11 16:27:33.323535,0.006247758865356445,0,1AfjrRZaKG2BaZSwNifF3uLRF9pvQriBCp,136P67fRsYKK3rcfGdD7ihR2h3YKrk4ff8,1.2016552999228092
2022-10-11 16:27:33.284108,2022-10-11 16:27:33.356129,0.0720210075378418,1,1B1PnRfJ3SEFeGTEinarWNsRBRXGiUYu2y,1AwGd93wte2tbQsXzSCKVue4NRUyu2DJxJ,0.9781252342947333
2022-10-11 16:27:33.320342,2022-10-11 16:27:33.358759,0.03841686248779297,0,19CTgFx15rYPd8y1CE9xyiSt4Y2BbvVoZB,1APyEaqrYdkoYtrtSAevyHsd5Xgou6Tdp6,0.7291372008230912
2022-10-11 16:27:33.336196,2022-10-11 16:27:33.368368,0.03217196464538574,0,188rcRPucvuLxvZDjpXTEJdZwUk4DyDCzu,1BPfJMWrcyfHb1EeU92htbTbBAMvKKbmq4,6.367850381712797
2022-10-11 16:27:33.322958,2022-10-11 16:27:33.372597,0.049638986587524414,1,12QPcuc5zLv6NTihC6SrQCfU83XfYXiX18,1uiLqvNSZzvva72HwTqky17tmaWeAtpVS,1.9340658291515433
2022-10-11 16:27:33.334034,2022-10-11 16:27:33.517355,0.1833209991455078,0,1AJa4Hc4oPXdu6XkfoPcAkVHd2hkoKjtsK,1GmGkFBQ81w1Bz6FwSQmGsj5n424tH3nM6,0.4530561747738304
2022-10-11 16:27:33.373304,2022-10-11 16:27:33.537264,0.16395998001098633,0,1XLgaZmqbcxeZm47qaXy8jGaQCZdhfU7s,1oEA5VDZLv7UJdBZdCBtn4kqtoiGodFGg,2.789813490021973
2022-10-11 16:27:33.374816,2022-10-11 16:27:33.557850,0.18303394317626953,0,15V5TGzPWn1TJfFeJK5s1MarqhsTiJY5Vx,1fbP7wXeGJFmT3e8JKCaDbJAscxbdjTRR,4.256174723636738
2022-10-11 16:27:33.390188,2022-10-11 16:27:33.589821,0.19963312149047852,0,1JuwFZrJEDRnGJvRpTiWBhTz7ASLE1WL3Q,1HkYwEK4s8tAxs162M8VwBhAj7QsWb31fB,5.507373245728537
2022-10-11 16:27:33.586797,2022-10-11 16:27:33.593802,0.007004976272583008,0,1CKfi2jn5xdSQC3dvftieRVfqPvosEJvZa,12gTMaQFRBqzPzcPP7KTKmxWfMViTVcftA,6.154398733690501
2022-10-11 16:27:33.558871,2022-10-11 16:27:33.602373,0.043501853942871094,1,199wWtzUX82sFSbkM6VMC2M2dbqai8LyNK,161ZeCh1sdVWeoVsycwRi8EqTPaY1mW5AC,7.174850999220567
2022-10-11 16:27:33.558936,2022-10-11 16:27:33.604744,0.04580807685852051,0,1PeyLjgcZhoBRfXqKrW4dhT1oWHNrhu1TN,1ANZEMas5xP8CCVbjhmwm3E83RQ5h1sAt2,6.724383108263198
2022-10-11 16:27:33.558864,2022-10-11 16:27:33.610666,0.05180215835571289,1,1HGSkF986mAGQ8dj9z6p36VqgLkLmAmkKs,1A9JxBqoft9TAZrbBZCc2KssKMzhjfHMKi,9.997999903073138
2022-10-11 16:27:33.603863,2022-10-11 16:27:33.643784,0.039920806884765625,0,14MwZwAYwnqufwvSQXkFxzWe6rHAzXEuWv,1NNeh9unbAyqRbwDJ6agetThfLc3jAGKZg,2.121102582665749
2022-10-11 16:27:33.601666,2022-10-11 16:27:33.652812,0.05114603042602539,1,1AApMobLBDKu48eNz6t2866SEXNmkpAC3n,193bB4ukZnxnLjqtzzcTzdG6XFQkptAxpG,9.527013578122222
2022-10-11 16:27:33.610574,2022-10-11 16:27:33.655342,0.04476809501647949,0,1AF5LqNkLmPqvCCeF8nm8zzr2xHJ4PSw8v,1MVpuhPXgNvGUWbnGoWahU7izPtU5virS6,7.881696888596902
2022-10-11 16:27:33.612198,2022-10-11 16:27:33.655734,0.04353594779968262,0,1FyBXiQHn1BSXoo1XjHqdu3z1QptwFcP2H,1D7Wb8HjRhB5eWsaDGb1jVMZ7J5hs5USKM,1.985341140582375
2022-10-11 16:27:33.596836,2022-10-11 16:27:33.655856,0.059020042419433594,1,1H2zA68RGtXopBNpGnnXcTscvP1MTAps4C,1bGaDs8dxPuWYRnf1otDoCGEUhuMGT4uB,0.6265912975579868
2022-10-11 16:27:33.656968,2022-10-11 16:27:33.675681,0.018712759017944336,0,1Gr7FmFHfGUJyofDGDMqj7DeRVCVZSYhuS,1M78X9XgTrn5WoKTU8gKtnmnFbRTDonGep,8.139931147089635
2022-10-11 16:27:33.656974,2022-10-11 16:27:33.683374,0.026400089263916016,0,1H4xsaaMTKpjRLKbdrX2sSvSg3rZJu1rBf,1AC1DRv6AEKtrMsioLjeKjTUofxW7cz4tr,1.9411113435853788
2022-10-11 16:27:33.656700,2022-10-11 16:27:33.683631,0.026930809020996094,1,18ZwySkdfg86DFTYPZ6yWXKZjxz7fGjJB4,1Ms4DtodGdhd2Nh2kQ32hPg2RqVNfy3NG4,7.336815861829153
2022-10-11 16:27:33.658829,2022-10-11 16:27:33.686356,0.02752685546875,0,1LeRVbv7Voeb5F71s9NsK4VnoZWxZmca36,12V6vrsjictzb2okgHEcpZt5WnQBMrqJYy,2.539995098163307
2022-10-11 16:27:33.685490,2022-10-11 16:27:33.697213,0.011723041534423828,0,1LBAUx8Yp7wkMfP5p9ptdYG4WbAnh1p5oM,11525KqSXHL34JTh7VeH2ENHG7eDNc66br,1.9113241261268221
2022-10-11 16:27:33.685067,2022-10-11 16:27:33.732085,0.047017812728881836,1,1J57RbWPH6Pgy8VXi5Jow9j9pmXvf3j7yR,17muTzvrX9AgwQe1183QokgDE7QyVmWD5x,4.900220447543723
2022-10-11 16:27:33.693137,2022-10-11 16:27:33.734450,0.04131293296813965,0,18cnJeAYdhbZ6SqX25Rh7AqMTgGddBZaVC,1GQbNrahZsyVPyrXmtxB2ou2eend7JC4fW,3.430501300846619
2022-10-11 16:27:33.698486,2022-10-11 16:27:33.741625,0.043138980865478516,0,1NC7NcRH9tjYpA8gBvQ5yFpcqqe9WfGQY4,1MShsk7Gk6syLr2nVGEfT8Qd5sqCYgiC9G,0.8615114470634888
2022-10-11 16:27:33.747632,2022-10-11 16:27:33.756880,0.009248018264770508,0,19DiP14jkCSKDfY2WvbpJ5UYzYLJWhSxZo,1Lyg17NUrJKTQ2dxzdVbU1ZqGJud8VLEwx,5.532729783839796
2022-10-11 16:27:33.742498,2022-10-11 16:27:33.786064,0.043565988540649414,1,1Ch3KtQXVNcoQqFhbkEXbzEZQX3HAkvfJD,1EZWyhFFnKQAWxcDgeYwD2yhr7ahhc8uyA,0.32248027051001826
2022-10-11 16:27:33.758813,2022-10-11 16:27:33.786888,0.028074979782104492,0,1CFmW7HhU4ASMmUKWjo4NpB8BbQz4MmCZx,1CxwPWAKqeHSCXBDsdxGhFZHxnJ2ez8cxK,8.425634032206364
2022-10-11 16:27:33.743629,2022-10-11 16:27:33.797592,0.05396294593811035,1,1N7bDQSMG4eRZ6Ky8pUF836CYCsSUBnCE5,1GQbNrahZsyVPyrXmtxB2ou2eend7JC4fW,2.4468225127672683
2022-10-11 16:27:33.808219,2022-10-11 16:27:33.817290,0.009071111679077148,0,1JD2ApUhrt4hEXBZmNAaqDmozwdJ5p8Ti6,1B7TDDNw73GgpXj45BcYxXqQLNgjdWcuYe,0.2806847542963753
2022-10-11 16:27:33.800556,2022-10-11 16:27:33.822549,0.021992921829223633,1,17tbFMGMVxjFyLEfsF8xvDaEvK3dcMDRbf,1BvDoiMno1Hyt3hynGBxtUDoG4vHGx381s,1.4023937037406686
2022-10-11 16:27:33.819039,2022-10-11 16:27:33.842381,0.023342132568359375,0,1GuiaUhWqFyrHPAVKH1GrSHNiVygDCXc6L,1MxLHa3j1fAJgpZa8sZS9QLY1yar2KZ5v,5.350747720137882
2022-10-11 16:27:33.795221,2022-10-11 16:27:33.843522,0.048300981521606445,1,13LtEZh1J4GcsMJjEokZzFDs2xBWoCTnma,1KML7mWoFqmWHt66hBNnMxsFr7hk59Kmwk,2.740210156121896
2022-10-11 16:27:33.825274,2022-10-11 16:27:33.853785,0.02851104736328125,0,1LdTPPak99ui3SCypU3Ba134VVHcDw5HbD,1GEuVKNi9PLqkZnjfEwppJ7as7Knvg4kRL,2.476780613468974
2022-10-11 16:27:33.702065,2022-10-11 16:27:33.937307,0.23524188995361328,1,1LpuaH94N4L1h4AVFUZK583YpYf7SfxZrZ,1NVhDrcVtMxVM7JXAhySaAQ3L5kXvjRZCp,7.1463906942181605
2022-10-11 16:27:33.858232,2022-10-11 16:27:33.951396,0.09316396713256836,0,1Gnt3iBHiFGD4FxCBybWWGNqq4fCjufaj,1NxTiripMWxd2ZHsA7whW4w7kcu8z8ApFX,1.1342113721092095
2022-10-11 16:27:33.956120,2022-10-11 16:27:33.964537,0.00841665267944336,0,1FCqxNzSVcjBoKgJ9KabWTNdFLgDem25ZR,13geoX7nmhhHJnNrjSgwwKxGJqvV7bJvTF,5.052035755153721
2022-10-11 16:27:33.857867,2022-10-11 16:27:33.990295,0.13242793083190918,1,15p9AhYax5UVz1rV1ue1D9RcR4MXKQUBHq,1H3d6iXKQzqqGLosbzzSak1qJZMa1U6jSF,3.558497741127473
2022-10-11 16:27:33.956622,2022-10-11 16:27:34.002152,0.045530080795288086,0,14iGGXsNNkuc65MkEprXh3hbNj9sK8LesP,1PthfuDpAmZRMeaRjHnd6iQtDZ78ipET38,0.22809098241520442
2022-10-11 16:27:34.000144,2022-10-11 16:27:34.004800,0.0046558380126953125,0,1JVCQAebZJHQZtQkhjSumy4XLvR3uVroUS,1uiLqvNSZzvva72HwTqky17tmaWeAtpVS,7.072834225498906
2022-10-11 16:27:33.967677,2022-10-11 16:27:34.017266,0.04958915710449219,1,1QGHjtVRoQD4gLeyU59LwBpZqKgJ2qw8mW,1MxLHa3j1fAJgpZa8sZS9QLY1yar2KZ5v,2.3421956445303813
2022-10-11 16:27:34.051705,2022-10-11 16:27:34.058868,0.007163047790527344,0,18MPjoRAGG5k7YS6AFpw5kwRzt2uYVwvPE,13kDdNpqFZq3aTT6ttfweMpWvBDDTnmUTT,5.750038560228402
2022-10-11 16:27:34.012506,2022-10-11 16:27:34.089557,0.07705068588256836,1,15fLTwgCsavNteMqLNBKcYZc4ZQuFjaYoU,16YEh97VRs4qWBV7U1E9y66pbYwKoXDobs,1.1611841514583843
2022-10-11 16:27:34.070200,2022-10-11 16:27:34.115310,0.04510998725891113,0,16S8R4jE4MCrwhT7hC2YJR2oszCLHwoT44,1Kw6UtkzW3XumF9T9oGhqSssJAeppLyXCn,2.490884877388715
2022-10-11 16:27:34.015140,2022-10-11 16:27:34.148886,0.13374590873718262,1,1F1CNebq66b6UbQjiKhtqgEcExyMbXFRrE,1PJ12G5yuNR18hRZAiGgL4raX7ELKKXc2,7.641435145172258
2022-10-11 16:27:34.117424,2022-10-11 16:27:34.163736,0.04631209373474121,0,1MVc7UGkTfY4AnkZK7RGYofPmNebJ7uKcG,1K3uCtKcqcBntwDuRHeL6CCc5ooHp6r1NR,4.395150622265811
2022-10-11 16:27:34.118043,2022-10-11 16:27:34.166703,0.0486600399017334,0,1As4Bpr5YKsmt9FTmXma1h4VfPJA3Ad7oG,17iSEio6YUad8bFccuMSDM79DF2Xbeo3SL,9.640994837559733
2022-10-11 16:27:34.181215,2022-10-11 16:27:34.187830,0.006615161895751953,0,1H6J8WphySXxCYz7686S83T7GHhVtuYPwn,1AHjbZcej28AGUzTwGGPZJZDRhzodRjxEd,3.658487343767173
2022-10-11 16:27:34.172920,2022-10-11 16:27:34.205876,0.03295588493347168,1,13vjeJgQjbrXr6k8i9F3Cvs43vpyomSxBF,12H3h42ZLZGgLs3ZU9ZQeFwF8s4LudoYyP,0.2366470689798572
2022-10-11 16:27:34.227250,2022-10-11 16:27:34.279815,0.05256485939025879,0,1J4CRM2mCV4pL21nnZ613uisBeAUYmTue6,1JvNRKab2JHRK5GCwG84Dc9S77ChEG3zvy,7.537997668709766
2022-10-11 16:27:34.296146,2022-10-11 16:27:34.340692,0.04454612731933594,0,18XvTUbX6dKDu1CCjFygqjDNeNuc5ZNj6p,15xV5mJxdV3c7MWM9qtsjss4qopGTPhMFb,6.527425765934338
2022-10-11 16:27:34.353590,2022-10-11 16:27:34.362591,0.009001016616821289,0,1KT8QFPbbinTfoCb2uQ9tJYFHvLmVsnyMm,1KvmkVBCyPhQ6CJ1f8uDPBpCTRtUdCSy26,3.410475663826853
2022-10-11 16:27:34.366232,2022-10-11 16:27:34.418406,0.05217385292053223,0,1AYzAHzosofsGnVYXVyHB7iRyBgWhE5RTt,1BVdN1YXaq5s9rLwVXnDXXzViXAWriyF8a,2.1595026560356434
2022-10-11 16:27:34.234924,2022-10-11 16:27:34.418765,0.18384099006652832,1,17ahwL2sQkrwdTbSKte9vqgfb5XuN3ZrBD,177k2Q6QZeetKmeihPTQVApjEjpz1WTZUK,0.63501423522629
2022-10-11 16:27:34.421410,2022-10-11 16:27:34.467858,0.04644775390625,0,19HRtkXjQgNF5n2ujwBdbrSSTCjqKRzz38,18BiKBszWDiFaW9r3MKdPX27jmYuw4zvCx,1.7725978908224949
2022-10-11 16:27:34.423216,2022-10-11 16:27:34.607806,0.18459010124206543,0,1ABKSHwQJDVLfTXzBtPLtnhv76gdzdKYbt,1GEQu6wzxvPEMX8bAViVY6t2AdLa49kySL,5.299381521069357
2022-10-11 16:27:34.611646,2022-10-11 16:27:34.687176,0.0755300521850586,0,1DAqnynUrXyCsVWiPU7uZmr8PiC9Rscxen,18SQeDYFBVmbcNNeFmHbiVJvThTvUdS1UP,7.298932448659382
2022-10-11 16:27:34.659028,2022-10-11 16:27:34.697525,0.038496971130371094,0,1H257AdKtQMz9daLnt8oYrcTKAySd362T8,18YkETw7iVRDtc15KhbDsPnqWgpj5xk9QJ,0.49465701274135854
2022-10-11 16:27:34.713911,2022-10-11 16:27:34.772879,0.05896782875061035,0,18ZwySkdfg86DFTYPZ6yWXKZjxz7fGjJB4,16NF9oKDbCL14BRVY7FrpivLvte8bNgt8o,8.720652335002505
2022-10-11 16:27:34.713802,2022-10-11 16:27:34.794857,0.0810551643371582,1,1PimA8ta3RTbKMkhgsxFdkZCmfyrcNnqb5,1NHeDUu5H7BSjzTBNkeGf3esawnuvmYck1,4.228065562892848
2022-10-11 16:27:34.800649,2022-10-11 16:27:34.848702,0.04805302619934082,0,1AwGd93wte2tbQsXzSCKVue4NRUyu2DJxJ,1DAqnynUrXyCsVWiPU7uZmr8PiC9Rscxen,4.6822877144179875
2022-10-11 16:27:34.853511,2022-10-11 16:27:34.906137,0.05262589454650879,0,1tmLfe8AT7ikGJAXKLBVWGtNLLYJJvzbJ,1BZJRh74B2ZR2Ph9hQjbruaAAH9xuHYXMZ,2.1692309720476
2022-10-11 16:27:34.913448,2022-10-11 16:27:35.006206,0.0927581787109375,0,1Le6HJ5nuKkhxDsHg6d8bBForYhj8wgS3u,149QsBA2SQcgDPdRkJnJZf8tRnCwiweeR6,3.6021097192836473
2022-10-11 16:27:35.009623,2022-10-11 16:27:35.024659,0.01503610610961914,0,1CDFhs3qxRfdhvfBzttV9iqViBikpKsq9P,1MDKnbj37r8wwMY8sPWtoPy8XTo8dL11oV,2.719784815995342
2022-10-11 16:27:35.028297,2022-10-11 16:27:35.081306,0.0530092716217041,0,13RNqYeq9nFjX2y9HDgPmRwFCYvc4Bq3sA,192qekiKXnmh3pPPGjWLEt2c5X5yprCWnC,6.933964515156699
2022-10-11 16:27:35.085835,2022-10-11 16:27:35.281644,0.19580912590026855,0,18WJ2BgqkM3CHkX1MJjrr3civcCS11pQC9,1ETNQrXpW3pfjWezCo5gXJXf3XGCXASHcg,8.210858534049578
2022-10-11 16:27:35.468557,2022-10-11 16:27:35.711897,0.24334001541137695,0,1F7ZQyx37hJW6QTkrDx9vrXn7CKc15L6ND,1NQUhrvkohrDSHX74cYAQhzvdMx3TUbfKi,7.9933273177777275
2022-10-11 16:27:35.716089,2022-10-11 16:27:35.720970,0.0048809051513671875,0,174cjdxXAv6tw3JjuqetA4kYXnsw2iVo7C,1LJmxavzM6CCuTTLKEY3erQ9WmkXXdarky,9.997805154824666
2022-10-11 16:27:35.733993,2022-10-11 16:27:35.779313,0.04532003402709961,0,1LdTPPak99ui3SCypU3Ba134VVHcDw5HbD,1GpYjZyMwknGTouPMZYsdt3ofNRzYq1LSs,6.2491950094784
2022-10-11 16:27:35.807158,2022-10-11 16:27:35.844907,0.03774881362915039,0,1JZbFoHd7ioCRGT7MevqAj34tTPEVayUvY,12Q3PBZghJonUPhko7vGCXiyAktkZ6AZPe,5.980030843452941
2022-10-11 16:27:35.847356,2022-10-11 16:27:35.897204,0.049848079681396484,0,1L9mvtxz7xX4VpyUdLQVKxsZFtJZ8sGTGA,1BPjTxgqQD6WMFA5Mnm4mHvvXJ87S3Pj41,7.223617603383424
2022-10-11 16:27:35.902444,2022-10-11 16:27:35.911976,0.009531974792480469,0,19eFRnryuDPWufKmupSXct8WF6wjbj2A99,14nJvMqTWEqL5NnSaUovwfv7kzQAFts2ns,1.1361216649452544
2022-10-11 16:27:35.918629,2022-10-11 16:27:35.933851,0.01522207260131836,0,12DriVum27LTrCEBjDmXtjDE7XhaPxAPwZ,137babN7g1YH5bBmcQntkZ7VWdDAjKGdr7,1.563870131362215
2022-10-11 16:27:35.941366,2022-10-11 16:27:35.960646,0.019280195236206055,0,1ASmG1XCH1QsmHuAPEsybsbY2crQDZHGDf,12JNcPzwQaw4r5wNvDxZVTTtbUQSrcWv2b,2.96969563580849
2022-10-11 16:27:36.070396,2022-10-11 16:27:36.136269,0.0658729076385498,0,1KnWW8FJAim3g5vrBukDekL3eeMDT99uWm,14qQjxWsgMGg1jfufAhL3ZYmFkEtDHN6Bc,2.228878338254927
2022-10-11 16:27:36.141309,2022-10-11 16:27:36.185968,0.04465913772583008,0,18ngcoCJ7EcfhLSLiHFZparDqM2xAHSiHc,18wWWMx5GpP8nzLVxkgacEZEHdiu7H3DeL,1.121445808329179
2022-10-11 16:27:36.188138,2022-10-11 16:27:36.237948,0.049810171127319336,0,1PB7RXArURnLxAV6pXnPXG3YXCCzZh8fiF,1C1ZDNYSdCJ7udvYwR27n55Zg9DHqG7YtY,9.544401575278998
2022-10-11 16:27:36.255398,2022-10-11 16:27:36.299542,0.0441441535949707,0,1MVcTc5H9rNrcX26iSqG5aU3y8YXsbkUhZ,1Pc8r6XsfCYGo8qAXY6xbvsfHYXsHHYs4q,2.5397969757824015
2022-10-11 16:27:36.307096,2022-10-11 16:27:36.315429,0.008333206176757812,0,12V6vrsjictzb2okgHEcpZt5WnQBMrqJYy,1GXNFGCqNQkzb8ZV2YbXrA6NtP3vftmyGz,9.236588785662459
2022-10-11 16:27:36.329711,2022-10-11 16:27:36.377574,0.047863006591796875,0,16zkpLLraVEABmKLtoDdvD9qABrLbTYzdZ,1VkqtYr56nPUSGgmwiZrunR3rSrN873EX,1.8011004227089533
2022-10-11 16:27:36.966403,2022-10-11 16:27:36.988306,0.021903276443481445,0,1BdXvr7XfS8ipkKRF2KouKfahV4NRczrmn,1AgqwxQ7CmjiF79xrzyJ64xZpiKSjEN6C5,8.4955808214146
2022-10-11 16:27:37.132053,2022-10-11 16:27:37.141554,0.009500980377197266,0,19wBUzew168MyphccFWbvGgfEZdzYKq4h7,13zBtFxGxdLM8AC3YS6hPm9Lmf9j1R8ppL,2.320148330698224
2022-10-11 16:27:37.123214,2022-10-11 16:27:37.170331,0.047116756439208984,1,15P1xij17dnmZ1AgmUik3m8mjCMaqTtMRM,1b3zC5G1i6ewXoM1hM4VhVKSmeeXq4Wer,6.968373415388448
2022-10-11 16:27:37.173356,2022-10-11 16:27:37.267670,0.0943138599395752,0,14bXEK1jAekyVScy1uJZapKs11spmScKNx,1KHYNjQoix9E7hWTbnKgUc89eq8HCGVBtP,1.1755020421753137
2022-10-11 16:27:37.383286,2022-10-11 16:27:37.443416,0.06012988090515137,0,16pvYRHaLY7rq29Zjk6XoN66mHCp7Lh1Be,17yw46vY7eWbRMqpfzgMcCtbBKgAPmcSnZ,3.4066717734977656
2022-10-11 16:27:37.447465,2022-10-11 16:27:37.485526,0.038060903549194336,0,1KbYTt37vL8cUa3eetWzbfiG924D3dmGvJ,1ExJWAGTm4FkFwbtFcbxHA333katCmcRG6,9.904519163392681
2022-10-11 16:27:37.506464,2022-10-11 16:27:37.516335,0.009871244430541992,0,1LCRCTu42TCc6wQBvemC2ndNCadKzzqZnb,1N8S49BDManGTCWhFrPrxzLFfv4hGExQeQ,6.875091129735624
2022-10-11 16:27:37.803675,2022-10-11 16:27:37.835677,0.03200197219848633,0,1DRSN9DSvkrgFT4ZiVNzGtZ5N7upZiGSuP,16RKrkY3iGJ2USwqGuGgwg278yP78m9Xzx,0.6131845860191798
2022-10-11 16:27:37.843633,2022-10-11 16:27:37.861734,0.018100976943969727,0,1FQh1TemHrmPz3UrCci9oKD4CHbpdyjSvv,13CkkKenasbmFjjsWrX2qtGL3zVS7pPFAb,4.717522604427914
2022-10-11 16:27:37.858123,2022-10-11 16:27:37.863429,0.005306243896484375,0,1BqkbVNsqNiUaKc9eargug89hak3dnanE7,14wdbfHPvPRQsL8EJT4if4AFRCevkobFMn,3.683206897809482
2022-10-11 16:27:37.866926,2022-10-11 16:27:37.874068,0.007141828536987305,0,1Ae9VxfUJ8pCYjpQxC6FGpkDKSv7LiEvoN,1KGMKAMm4vGVjdcazknX4zDjxyepXGU5vs,6.77845252215303
2022-10-11 16:27:38.180828,2022-10-11 16:27:38.210717,0.02988910675048828,0,1FrxUHZs5z3YkZQYDga25guef7R1fDxr4i,15fLTwgCsavNteMqLNBKcYZc4ZQuFjaYoU,0.8283919798859374
2022-10-11 16:27:38.231578,2022-10-11 16:27:38.239911,0.00833272933959961,0,1Bg3oj3ULxLFSMou8RBeLtQiXmvF7piZWT,1M3KypvPjsVhKcKC6jkJEjG9r87A8KTRvf,5.850026372052821
2022-10-11 16:27:38.243491,2022-10-11 16:27:38.290119,0.04662799835205078,0,1Nei1aTMZn9hEaxXuGkTVGYEXehhHqZN8Z,1CP9tkY2TxwKHybzM8fY9sFw8rcTXydGUd,4.487229898673628
2022-10-11 16:27:38.292988,2022-10-11 16:27:38.340867,0.04787898063659668,0,18uCRfbhSoAdGcgQqdWPYvFzSVwxvMC8dw,1MXpCbDGHha911eevgfizfckS4m4SbyvcB,8.516655371652869
2022-10-11 16:27:38.314894,2022-10-11 16:27:38.398063,0.08316898345947266,0,1A5rB9P9PzL6vmdxtfYfz2NDem5Fe4eW2M,18D1vjkJCeE3QnzdgF4iFjzips2giqzX6M,2.453207253696733
2022-10-11 16:27:38.364598,2022-10-11 16:27:38.408459,0.04386091232299805,0,1C43bdLB7Tb2WDpjGMY9a3WMG7ZGS4ZA5u,14TrKzGhSGQYYNkBvA8oQsnLcccL9ZmGLc,5.095569616835453
2022-10-11 16:27:38.411002,2022-10-11 16:27:38.418046,0.007044315338134766,0,13CRdFTphUSsF7GrDcUsgy5FrrLB8k9eme,15uqy71reJEG8YGUAToKjUkZCGMVSqcMn9,8.181569163422171
2022-10-11 16:27:38.409168,2022-10-11 16:27:38.467334,0.0581660270690918,1,177k2Q6QZeetKmeihPTQVApjEjpz1WTZUK,1JmtKH3ovzs1XB3Qc2PgyGqSwjkLcjGWc2,3.9936004978999238
2022-10-11 16:27:38.452083,2022-10-11 16:27:38.470186,0.01810288429260254,0,1EVFc8Aycxy1LsziSL8oNafhQwxjuWskEA,1FdVoXz8oJBWQeBWaJWArbA7J2stCYoPf1,5.691779757142249
2022-10-11 16:27:38.485865,2022-10-11 16:27:38.541091,0.05522608757019043,0,1HGSkF986mAGQ8dj9z6p36VqgLkLmAmkKs,1McCa4YTbooye3QYj7465vG8EFZyJZxpUR,7.700248569747727
2022-10-11 16:27:38.547699,2022-10-11 16:27:38.595053,0.04735398292541504,0,1GHXRGUZperYnC2LtbnaLqmb2qQVQSWUN,1A27ogRiQqZ1DxSz6Ham7xLUPMEe5cFXD8,5.125712252999872
2022-10-11 16:27:38.804799,2022-10-11 16:27:38.834390,0.029590845108032227,0,19S8h8MyXmyoQDU5MyGUNLG8zgVqQfEerr,1Nz3FodiBHHzdZQF6GyuW1qW2Sd8JDoJy7,0.7494803746217793
2022-10-11 16:27:38.860832,2022-10-11 16:27:38.900736,0.039904117584228516,0,1A95g2HYp6ok7QVeKGhQKVbbZoVXSEZwic,1HpfGdSrbRKL9TfqX6Mu236XhqkTMtY1yT,9.24069922808427
2022-10-11 16:27:38.902006,2022-10-11 16:27:38.952031,0.050024986267089844,0,1BwGAd2jyp4rZS1ZyQjRa3QhKTRLLNRfFg,1h8ai2X91uLJzkh4sfKKG2s74zWbxiciB,1.3396339710577554
2022-10-11 16:27:38.953534,2022-10-11 16:27:38.960358,0.006824016571044922,0,1QA9JsTA8i9mkJiPwZMmWXXTsDKE2dKBPq,1MEsYQQBry1ynpedTRVkhYuCs8ntzJ11Rt,6.222530558539582
2022-10-11 16:27:38.962224,2022-10-11 16:27:39.011435,0.04921078681945801,0,1GrpLEvigfec8rbftSb6KmthHB3NuUwfqo,17mtFffxRtTkCoATPJiVb5irUKLesQampG,7.252012906263784
2022-10-11 16:27:39.012973,2022-10-11 16:27:39.061448,0.04847526550292969,0,1Fg7S3WjYpPWCUyF2SG4VEJSGAa1trEkbd,1JHZVRwe2wbdbbHwxV1Lt5yvYQJWG5VHDM,1.3339303664439683
2022-10-11 16:27:39.075780,2022-10-11 16:27:39.181854,0.10607409477233887,0,1LjsGSB1EJZseAVNxEzZVt8WhjjsueKNQ2,1JGo3qiURgvD3WqVTvhC4AEg9wRPZne1oZ,0.6851141861815391
2022-10-11 16:27:39.195349,2022-10-11 16:27:39.239243,0.04389381408691406,0,1224YEz7xgUPbuy3J82jE9NSpus76BXPXK,123BGVqifMS7TAMU8FRJxkGzkfw7umif1A,3.142816910122029
2022-10-11 16:27:39.241802,2022-10-11 16:27:39.249271,0.007468700408935547,0,17EaEfmeezt9wvCB8zK7eE7jbFwf8pFuGv,1M8YSMNRZuS5e9yTr2voraWAjamXRxHo3G,3.199604615001684
2022-10-11 16:27:39.251412,2022-10-11 16:27:39.281977,0.03056478500366211,0,14y7qQqXTCa83FaivnHzW71bsyJa5jt7QK,16N6BH68HtMrZcgEX8uuqQxWkoPAfrRJUt,6.6384901235697455
2022-10-11 16:27:39.285606,2022-10-11 16:27:39.528373,0.2427668571472168,0,1AgH1CY1B32Do4TjyGhoJ7aaoVVR3DQEgE,1JCGqLh18oB9LScpX6uHYySSH86V8syvy7,3.1394114953939933
2022-10-11 16:27:39.534451,2022-10-11 16:27:39.555945,0.021494150161743164,0,1HQJRPReetssSmNm9VVwUe66CynKCTfHnw,19BpEWVuoUdbjaLUsGDo2R6FRi7WsPmDWY,7.137755707400919
2022-10-11 16:27:39.559602,2022-10-11 16:27:39.607067,0.047464847564697266,0,19xd86Q8MVVDkDC769628GnDKtUW1a75rh,1G7wzvjnm4ycv4z2Z6QhCJbBQESqP3ib2L,6.64066619164193
2022-10-11 16:27:40.395661,2022-10-11 16:27:40.441405,0.04574418067932129,0,1GNdNUzhgMnsfjwrPUjx1qRUEk1trs5mPu,1ANZEMas5xP8CCVbjhmwm3E83RQ5h1sAt2,5.677830076127066
2022-10-11 16:27:40.445541,2022-10-11 16:27:40.481229,0.035687923431396484,0,1FrxUHZs5z3YkZQYDga25guef7R1fDxr4i,15x9WVLd65Tg3UHDSVarDL6WNg6ktrtY7j,3.061867743673281
2022-10-11 16:27:40.484811,2022-10-11 16:27:40.549822,0.06501102447509766,0,1LCRCTu42TCc6wQBvemC2ndNCadKzzqZnb,19teFWCNxrEP742fxLShbDyHcCPMSzvXWt,7.893303808353476
2022-10-11 16:27:40.567868,2022-10-11 16:27:40.896348,0.3284800052642822,0,1LVAyRZztz59TrzjpqDGcPkhrKePzhjMjE,126S8iSrd14juF9yssryFhGGD3K4A9c8GK,1.2485196661964593
2022-10-11 16:27:40.900737,2022-10-11 16:27:40.908218,0.007481098175048828,0,1ERtD36Y4V3kkmK7z79KxfFegFJjsGsXjh,1KhzPmzuxvdWNcAZDVHi1tbtZhNqmdWgeZ,6.869613273804369
2022-10-11 16:27:40.911736,2022-10-11 16:27:40.958292,0.04655623435974121,0,1FQS5ufftL8j27cnzhhsBV9jPLYFD199Gn,13nTfSuufzVrj64mmzvsM1ZZYfdwrcow3T,1.0318355838926763
2022-10-11 16:27:40.960606,2022-10-11 16:27:40.970405,0.009799003601074219,0,12SPKDrZka3YU8dDHGXUtJwyVh5pgtUxDR,1D23edRSRUkcH2RgAPQqTXMx3eur8pBRu3,2.742172047341379
2022-10-11 16:27:40.974007,2022-10-11 16:27:40.986315,0.012307882308959961,0,1Jr4ehh6vtPxpzNrQ5HNig21QCC5C11Q21,1BPjTxgqQD6WMFA5Mnm4mHvvXJ87S3Pj41,2.762817486962631
2022-10-11 16:27:41.027420,2022-10-11 16:27:41.076803,0.049382925033569336,0,18ZwySkdfg86DFTYPZ6yWXKZjxz7fGjJB4,1AzspiDbqQKAv5jYMT6qitpc3R1NAHNB57,0.1361611400511542
2022-10-11 16:27:41.096014,2022-10-11 16:27:41.140744,0.04472970962524414,0,165Gqru6WesK8SbPe9eXzydfMA2muTVPV2,18cnJeAYdhbZ6SqX25Rh7AqMTgGddBZaVC,1.2437540269791492
2022-10-11 16:27:41.172018,2022-10-11 16:27:41.289641,0.11762309074401855,0,1GbXkip1yk88CF7z6EtNDa5QLqfuhDVBUg,19LNRvZLm1Xtz155R7Weo19tRBB54D47FX,5.567100026843773
2022-10-11 16:27:41.294346,2022-10-11 16:27:41.308053,0.013707160949707031,0,12mTtiKJ5kWAsZ4eumHs6s97aGLGaCGcqY,1DFV7KGLNLXVkondHPEZTodwrmvdcGSjVx,8.500144815336121
2022-10-11 16:27:41.313908,2022-10-11 16:27:41.322971,0.009062767028808594,0,15nYdamdKGMWCpKvooTz6pErU4mjPVFFAc,1CKbr5XCmSt9qKpBqQphNCmMH6m13JEBBz,6.038465602692802
2022-10-11 16:27:41.294483,2022-10-11 16:27:41.347483,0.05299997329711914,1,16A3dyNc4hRph6kest19gavEn5rQbMvtbk,1CiZZ7Umx9XjrVTJMRhWGuBMknMkYbrmDE,7.829537068543106
2022-10-11 16:27:41.326619,2022-10-11 16:27:41.373728,0.047109127044677734,0,1LeTc3X4jveMWA26s8wotbrV3Vht2Ysewj,17D2pExuCW82xNKfewFHRtGsHrQEup9vBH,4.7282994637505595
2022-10-11 16:27:41.143190,2022-10-11 16:27:41.379048,0.23585796356201172,1,1HsHzc1moR4cv1PZYPedo4Cm5qMZKhb3Fg,1JGfikhrUyCW3KMXgQ3CrNLbSFh3XL4pfH,3.8706599160967228
2022-10-11 16:27:41.377110,2022-10-11 16:27:41.428976,0.05186605453491211,0,1QESwNf8qrR3LymkeSGW2V62cXtkrpndn7,1JDwZqVvjxVwTQwYCskaZMN9e4JWogELkU,6.993877967062857
2022-10-11 16:27:41.451545,2022-10-11 16:27:41.460448,0.008903026580810547,0,1E7jWWNUfTyZZXJDhDd4SaNjaHWjykWnZa,1KME8szW82hr767jFEGgXUYCVBSmYmjp5c,4.378837548100526
2022-10-11 16:27:41.463913,2022-10-11 16:27:41.496782,0.03286886215209961,0,1MNGVjfmg9ikBMMRX3vsQeit9TMbXufD3a,15pobpvH4UrL3ju1R3RfMY6cvo5zdwRsZe,5.106973890814076
2022-10-11 16:27:41.500756,2022-10-11 16:27:41.507222,0.0064656734466552734,0,1Ktr9mV7WYVRkhn3NZ8wf12EG6Q5afzU5v,12BE13ZjkaT4t9fz8wgBwKiaMexkMz5PcL,8.698688430285515
2022-10-11 16:27:41.516080,2022-10-11 16:27:41.560769,0.04468894004821777,0,1F4C17aTtxydvkFTqBZcxp1ioWC6Y6JzC9,1Bw1SzuSTzJrBkGKoQnr2GWjf9CkrqEMGk,3.4267196465627157
2022-10-11 16:27:41.531272,2022-10-11 16:27:41.572383,0.041110992431640625,0,1NmK67kXsYtDAg4WkpDqTCFg4ZfarJCChN,1PoQ8b7mKk6ytXZAKHLrQMUL2ngAep5GLX,3.7714426729796102
2022-10-11 16:27:41.575261,2022-10-11 16:27:41.627808,0.05254673957824707,0,19Z5GCRG8RRdX6etCsQg5YWikrYPyEDpFu,16oYWTTQKmes6iUvbJB4yrexgFGBkQjYvs,2.996110963458478
2022-10-11 16:27:41.631741,2022-10-11 16:27:41.689441,0.05769991874694824,0,1HxJQtM1t1RY38K8ysoCmZzgDLjJWwcHQn,1J8NYLw7T5w9bbzD7JmC8XahVS5PJZU3p7,2.927839236782975
2022-10-11 16:27:41.693280,2022-10-11 16:27:41.706788,0.013508081436157227,0,1PKDXdSdnbLiq6VDqRqXDeatKeZSdDFj4e,15QjxWaAiDUQprwGA7no6XEyx9aznUemoT,0.22737070426556927
